id,activity_date,day_of_week,total_steps,total_distance,very_active_minutes,fairly_active_minutes,lightly_active_minutes,sedentary_minutes,calories,total_sleep_records,total_minutes_asleep,total_time_in_bed,minutes_awake_in_bed
4319703577,2016-05-02,Monday   ,9261,6.24,0,11,344,585,2270,1,478,506,28
8378563200,2016-04-28,Thursday ,5417,4.30,11,10,139,711,2884,1,506,556,50
6117666160,2016-04-23,Saturday ,11495,8.68,0,0,512,468,2651,1,492,539,47
6962181067,2016-04-18,Monday   ,11404,7.54,13,42,238,689,2039,1,442,458,16
2026352035,2016-04-14,Thursday ,3335,2.07,0,0,197,653,1431,1,545,568,23
5553957443,2016-04-26,Tuesday  ,11886,7.76,40,18,238,750,2093,1,412,453,41
4702921684,2016-04-20,Wednesday,8793,7.13,2,29,260,717,3061,1,454,468,14
3977333714,2016-04-18,Monday   ,11663,7.80,4,95,214,605,1584,2,412,522,110
4388161847,2016-05-05,Thursday ,9603,7.38,12,39,199,896,2899,1,471,495,24
5577150313,2016-04-28,Thursday ,9841,7.43,99,51,141,692,3580,1,361,372,11
5577150313,2016-05-03,Tuesday  ,11045,8.25,97,8,212,580,3795,1,508,543,35
8378563200,2016-05-04,Wednesday,7875,6.24,19,10,167,680,3110,1,441,477,36
8378563200,2016-04-30,Saturday ,2946,2.34,0,0,121,780,2660,1,468,555,87
2026352035,2016-05-08,Sunday   ,5528,3.45,0,0,258,610,1555,1,541,568,27
3977333714,2016-05-10,Tuesday  ,13072,8.78,1,115,196,676,1630,1,312,452,140
5577150313,2016-04-18,Monday   ,9893,7.39,114,32,130,623,3625,1,527,553,26
5553957443,2016-05-07,Saturday ,1868,1.22,0,0,96,902,1494,1,442,470,28
4445114986,2016-04-26,Tuesday  ,6326,4.41,29,1,180,839,2291,2,353,391,38
8378563200,2016-04-29,Friday   ,6175,4.90,3,7,172,767,2982,1,527,562,35
5577150313,2016-04-19,Tuesday  ,12574,9.42,108,23,111,733,3501,1,449,465,16
7086361926,2016-05-06,Friday   ,12461,8.38,84,35,154,834,2924,1,322,333,11
4388161847,2016-04-28,Thursday ,10074,7.75,19,9,234,878,2969,1,428,458,30
1503960366,2016-05-09,Monday   ,12022,7.72,46,11,206,835,1819,1,338,342,4
4445114986,2016-04-16,Saturday ,3945,2.65,0,0,225,716,2180,1,462,499,37
8378563200,2016-04-15,Friday   ,14461,11.47,60,23,190,729,3666,1,513,533,20
8378563200,2016-04-23,Saturday ,5709,4.53,19,10,136,740,2908,1,565,591,26
1844505072,2016-04-30,Saturday ,4014,2.67,0,0,184,218,1763,1,722,961,239
5553957443,2016-05-05,Thursday ,14331,9.51,44,29,241,692,2156,1,419,464,45
1503960366,2016-04-17,Sunday   ,9705,6.48,38,20,164,539,1728,1,700,712,12
6962181067,2016-04-25,Monday   ,13239,9.27,35,31,282,637,2194,1,400,415,15
2026352035,2016-04-25,Monday   ,6017,3.73,0,0,260,821,1576,1,506,531,25
2026352035,2016-04-12,Tuesday  ,4414,2.74,3,8,181,706,1459,1,503,546,43
6117666160,2016-05-05,Thursday ,9799,7.40,0,0,487,479,2636,1,392,415,23
8378563200,2016-04-20,Wednesday,9388,7.44,82,8,169,763,3787,1,381,409,28
7086361926,2016-04-26,Tuesday  ,10387,7.07,70,33,132,726,2781,1,485,500,15
2026352035,2016-04-21,Thursday ,2467,1.53,0,0,153,749,1370,1,477,514,37
2026352035,2016-04-24,Sunday   ,3490,2.16,0,0,164,704,1401,1,555,591,36
1503960366,2016-05-05,Thursday ,14070,8.90,45,24,250,857,1959,1,247,264,17
6962181067,2016-05-06,Friday   ,5908,3.91,0,0,299,717,1850,1,443,462,19
3977333714,2016-04-26,Tuesday  ,11388,7.62,7,95,170,797,1551,1,250,371,121
3977333714,2016-05-03,Tuesday  ,14335,9.59,47,41,258,594,1710,1,292,500,208
5577150313,2016-04-24,Sunday   ,15764,11.78,210,65,141,425,4392,1,543,615,72
4388161847,2016-04-26,Tuesday  ,9461,7.28,14,23,224,673,2929,1,319,346,27
4020332650,2016-05-03,Tuesday  ,4496,3.22,0,0,174,950,2828,1,322,332,10
8378563200,2016-05-03,Tuesday  ,8712,6.91,71,20,195,822,3784,1,405,429,24
5553957443,2016-04-27,Wednesday,10538,6.88,16,16,206,745,1922,1,347,391,44
8378563200,2016-04-13,Wednesday,12386,9.82,116,14,169,680,4079,2,447,487,40
4445114986,2016-05-11,Wednesday,9105,6.11,34,22,232,622,2499,1,499,530,31
8378563200,2016-04-24,Sunday   ,3703,2.94,0,0,135,734,2741,1,458,492,34
4388161847,2016-04-17,Sunday   ,4660,3.58,0,0,201,721,2572,2,619,641,22
2026352035,2016-05-10,Tuesday  ,254,0.16,0,0,17,1002,1141,1,357,380,23
1503960366,2016-05-01,Sunday   ,10602,6.81,33,35,246,730,1820,1,369,396,27
8378563200,2016-05-02,Monday   ,6064,4.81,63,4,142,802,3491,1,351,385,34
6962181067,2016-04-24,Sunday   ,5029,3.32,0,0,199,720,1705,1,511,514,3
4702921684,2016-05-06,Friday   ,6943,5.63,1,16,207,682,2859,1,404,449,45
5577150313,2016-04-13,Wednesday,5077,3.79,15,11,144,776,2551,1,432,458,26
4319703577,2016-05-08,Sunday   ,3672,2.46,0,0,153,603,1792,1,602,638,36
5553957443,2016-04-19,Tuesday  ,15482,10.11,69,28,249,756,2284,1,357,410,53
8378563200,2016-04-25,Monday   ,12405,9.84,117,16,141,692,4005,1,388,402,14
6962181067,2016-05-03,Tuesday  ,12109,8.12,21,36,267,654,2072,1,394,418,24
6117666160,2016-04-20,Wednesday,10449,8.02,26,10,349,587,2536,1,474,502,28
5577150313,2016-04-16,Saturday ,14269,10.66,184,56,158,472,4274,1,406,445,39
1503960366,2016-05-07,Saturday ,11992,7.71,37,46,175,833,1821,1,331,349,18
4445114986,2016-05-06,Friday   ,4514,3.03,0,0,229,809,2211,2,374,402,28
4702921684,2016-04-28,Thursday ,9023,7.32,14,9,232,738,3033,1,442,461,19
4388161847,2016-04-30,Saturday ,12533,9.64,14,43,300,537,3283,2,409,430,21
4319703577,2016-04-15,Friday   ,5664,3.80,0,0,228,752,1985,1,465,491,26
6962181067,2016-04-14,Thursday ,1551,1.03,0,0,86,862,1466,2,508,535,27
7086361926,2016-05-01,Sunday   ,12390,8.07,30,15,258,685,2730,1,388,407,19
4445114986,2016-05-03,Tuesday  ,7502,5.18,30,2,233,725,2421,2,417,450,33
5553957443,2016-04-15,Friday   ,16556,10.86,58,38,239,689,2254,1,377,409,32
2347167796,2016-04-28,Thursday ,5439,3.60,0,0,229,764,1854,1,408,450,42
6117666160,2016-05-09,Monday   ,4477,3.38,0,0,197,125,1248,1,492,522,30
4702921684,2016-05-07,Saturday ,14370,11.65,5,46,439,577,3683,1,520,543,23
2347167796,2016-04-14,Thursday ,10129,6.70,1,48,206,705,2010,1,445,489,44
5553957443,2016-05-03,Tuesday  ,12848,8.39,26,29,247,812,2116,1,380,429,49
7086361926,2016-04-25,Monday   ,10091,6.82,69,39,129,706,2752,1,446,447,1
5577150313,2016-04-15,Friday   ,12087,9.08,115,54,199,695,4005,1,392,413,21
5553957443,2016-05-11,Wednesday,4926,3.22,0,0,195,628,1693,1,463,486,23
4558609924,2016-04-21,Thursday ,13743,9.08,6,21,432,844,2486,1,126,137,11
4445114986,2016-04-17,Sunday   ,2268,1.52,0,0,114,1219,1933,1,98,107,9
2026352035,2016-05-07,Saturday ,4193,2.60,0,0,229,665,1491,1,511,521,10
4445114986,2016-04-15,Friday   ,7198,4.83,0,0,350,711,2496,2,337,379,42
8378563200,2016-05-12,Thursday ,4561,3.62,8,6,102,433,1976,1,496,546,50
4558609924,2016-05-01,Sunday   ,3428,2.27,0,0,190,1121,1692,1,115,129,14
8378563200,2016-05-06,Friday   ,7045,5.59,74,5,166,831,3644,1,323,355,32
5553957443,2016-05-04,Wednesday,4249,2.77,0,0,224,651,1698,1,447,470,23
4319703577,2016-05-03,Tuesday  ,9648,6.47,8,26,287,669,2235,1,474,512,38
3977333714,2016-05-08,Sunday   ,13585,9.09,9,116,171,688,1633,2,259,456,197
8378563200,2016-04-27,Wednesday,7359,5.84,4,4,192,676,3061,1,531,600,69
7086361926,2016-05-03,Tuesday  ,10288,6.76,57,36,152,761,2754,1,456,461,5
1503960366,2016-05-03,Tuesday  ,15103,9.66,50,24,254,816,1990,1,273,296,23
7086361926,2016-05-02,Monday   ,10052,6.81,66,26,139,737,2754,1,440,459,19
4702921684,2016-04-29,Friday   ,9930,8.05,12,19,267,692,3165,1,433,447,14
4445114986,2016-05-05,Thursday ,3800,2.55,2,6,185,734,2120,2,462,513,51
2026352035,2016-04-30,Saturday ,4729,2.93,0,0,233,594,1506,1,573,607,34
4319703577,2016-04-22,Friday   ,4500,3.02,1,19,176,709,1886,1,533,550,17
8792009665,2016-04-27,Wednesday,1758,1.13,0,0,112,900,2067,1,423,428,5
8378563200,2016-05-05,Thursday ,8567,6.79,66,3,214,764,3783,1,381,417,36
5553957443,2016-04-16,Saturday ,5771,3.77,0,0,288,521,1831,2,651,686,35
4445114986,2016-05-12,Thursday ,768,0.52,0,0,58,380,1212,1,483,501,18
2026352035,2016-04-28,Thursday ,6375,3.95,0,0,331,626,1649,1,513,545,32
5553957443,2016-05-08,Sunday   ,6083,4.00,3,8,210,505,1762,1,568,608,40
1644430081,2016-05-08,Sunday   ,6724,4.89,0,0,295,991,2987,1,137,154,17
4445114986,2016-05-09,Monday   ,5275,3.54,0,0,266,641,2281,1,457,533,76
7086361926,2016-04-13,Wednesday,5813,3.62,31,26,155,744,2516,1,451,465,14
4702921684,2016-04-26,Tuesday  ,6108,4.95,1,8,216,765,2784,1,421,429,8
4388161847,2016-04-16,Saturday ,6580,5.06,6,9,253,609,3073,2,426,448,22
4388161847,2016-04-24,Sunday   ,10243,7.88,14,8,239,584,2885,3,552,595,43
6962181067,2016-05-09,Monday   ,12342,8.72,43,21,231,607,2105,1,489,497,8
5577150313,2016-04-23,Saturday ,7638,5.71,24,24,223,627,3152,1,384,402,18
4388161847,2016-05-01,Sunday   ,10255,7.89,12,15,241,579,2926,1,547,597,50
1644430081,2016-05-02,Monday   ,3758,2.73,1,7,148,682,2580,1,796,961,165
6962181067,2016-04-15,Friday   ,5563,3.68,0,0,217,837,1756,1,370,386,16
1503960366,2016-04-12,Tuesday  ,13162,8.50,25,13,328,728,1985,1,327,346,19
7086361926,2016-05-12,Thursday ,3789,2.56,5,4,58,343,1199,1,444,457,13
4702921684,2016-04-21,Thursday ,6530,5.30,4,41,144,901,2729,1,425,434,9
7086361926,2016-04-21,Thursday ,9469,6.18,19,6,206,758,2463,1,390,411,21
4319703577,2016-04-29,Friday   ,7990,5.36,6,18,289,624,2175,1,523,546,23
6962181067,2016-04-29,Friday   ,10762,7.11,12,15,369,645,2254,1,433,447,14
6775888955,2016-04-13,Wednesday,4053,2.91,17,18,85,1053,2400,1,235,260,25
2347167796,2016-04-24,Sunday   ,9471,6.26,0,0,360,584,2187,1,442,459,17
7086361926,2016-04-27,Wednesday,11107,8.34,55,6,145,829,2693,1,469,479,10
5577150313,2016-04-27,Wednesday,6805,5.14,63,16,190,773,3294,1,424,452,28
5577150313,2016-04-14,Thursday ,8596,6.42,118,30,176,662,4022,1,477,497,20
2026352035,2016-04-20,Wednesday,7222,4.48,0,0,327,623,1667,1,461,510,49
6962181067,2016-04-13,Wednesday,5652,3.74,8,24,142,548,1718,3,630,679,49
4702921684,2016-04-30,Saturday ,10144,8.23,4,36,263,728,3115,1,479,501,22
8378563200,2016-05-01,Sunday   ,11419,9.06,71,10,127,669,3369,1,475,539,64
4702921684,2016-04-18,Monday   ,9105,7.38,22,30,191,890,3013,1,293,312,19
4020332650,2016-05-06,Friday   ,4369,3.13,0,0,177,855,2704,1,385,408,23
2026352035,2016-04-29,Friday   ,7604,4.71,0,0,352,492,1692,1,490,510,20
7086361926,2016-04-15,Friday   ,8585,5.67,30,21,139,864,2395,1,377,386,9
7086361926,2016-04-14,Thursday ,9123,6.12,35,32,189,787,2734,1,472,476,4
4702921684,2016-04-24,Sunday   ,15050,12.22,15,95,281,542,3538,1,480,506,26
3977333714,2016-04-19,Tuesday  ,12414,8.78,19,67,221,738,1638,1,219,395,176
3977333714,2016-04-15,Friday   ,9010,6.06,15,42,183,644,1468,1,424,556,132
2026352035,2016-04-13,Wednesday,4993,3.10,0,0,238,663,1521,1,531,565,34
8792009665,2016-04-15,Friday   ,2483,1.59,0,0,126,937,2009,1,363,377,14
6117666160,2016-04-17,Sunday   ,7150,5.40,0,0,312,702,2225,2,336,350,14
6962181067,2016-04-30,Saturday ,10081,6.66,32,16,237,731,2002,1,422,424,2
6962181067,2016-04-20,Wednesday,13928,9.55,48,4,297,639,2174,1,418,424,6
5553957443,2016-04-29,Friday   ,12764,8.33,46,15,270,709,2169,1,450,495,45
3977333714,2016-05-04,Wednesday,13559,9.44,14,96,142,852,1628,1,213,336,123
7086361926,2016-04-19,Tuesday  ,10688,7.29,67,69,124,671,2944,1,472,483,11
8378563200,2016-04-21,Thursday ,15148,12.01,137,16,145,677,4236,1,396,417,21
3977333714,2016-04-25,Monday   ,11177,8.48,50,9,133,781,1570,1,262,467,205
2026352035,2016-05-06,Friday   ,8198,5.08,0,0,383,511,1736,1,524,548,24
4445114986,2016-04-25,Monday   ,3385,2.27,0,0,179,916,2070,1,328,345,17
4319703577,2016-05-06,Friday   ,9524,6.42,6,11,314,692,2266,1,450,491,41
5577150313,2016-04-17,Sunday   ,12231,9.14,200,37,159,525,4552,1,549,583,34
4319703577,2016-04-26,Tuesday  ,9899,6.64,8,21,288,649,2236,1,505,516,11
1503960366,2016-04-16,Saturday ,12669,8.16,36,10,221,773,1863,2,340,367,27
5553957443,2016-04-28,Thursday ,11393,7.63,49,13,165,727,1999,1,421,457,36
5553957443,2016-05-12,Thursday ,3121,2.04,8,6,48,222,741,1,438,475,37
2026352035,2016-04-22,Friday   ,2915,1.81,0,0,162,712,1399,1,520,545,25
2026352035,2016-05-05,Thursday ,12167,7.54,0,0,475,479,1926,1,468,485,17
6117666160,2016-05-08,Sunday   ,7328,5.53,0,0,318,517,2250,1,555,603,48
4702921684,2016-05-05,Thursday ,8614,6.99,8,5,241,745,3006,1,414,428,14
1503960366,2016-05-10,Tuesday  ,12207,7.77,46,31,214,746,1859,1,383,403,20
4319703577,2016-04-27,Wednesday,10780,7.23,6,47,300,680,2324,1,286,307,21
4445114986,2016-04-20,Wednesday,2072,1.39,0,0,137,841,1974,1,439,462,23
8053475328,2016-04-23,Saturday ,22359,17.19,125,14,223,741,3554,1,331,337,6
1927972279,2016-04-13,Wednesday,356,0.25,0,0,32,986,2151,1,398,422,24
7086361926,2016-05-04,Wednesday,10988,8.31,45,12,135,843,2655,1,420,436,16
4445114986,2016-05-10,Tuesday  ,3915,2.63,0,0,231,783,2181,1,405,426,21
1844505072,2016-05-01,Sunday   ,2573,1.70,0,7,75,585,1541,1,590,961,371
8378563200,2016-05-10,Tuesday  ,6582,5.22,63,13,152,840,3586,1,342,391,49
3977333714,2016-05-05,Thursday ,12312,8.58,14,88,178,680,1618,1,318,480,162
4388161847,2016-04-23,Saturday ,13236,10.18,58,5,215,749,3306,1,478,501,23
2026352035,2016-05-11,Wednesday,8580,5.32,0,0,330,569,1698,1,523,553,30
4388161847,2016-04-22,Friday   ,12139,9.34,77,25,220,945,3544,1,82,85,3
4388161847,2016-04-15,Friday   ,8758,6.73,0,0,299,837,3066,1,499,526,27
4020332650,2016-05-08,Sunday   ,5862,4.20,0,0,263,775,3089,1,364,402,38
6962181067,2016-04-22,Friday   ,10725,7.09,30,33,240,659,2086,1,425,435,10
4702921684,2016-04-14,Thursday ,7860,6.37,0,0,271,772,2984,1,384,415,31
1927972279,2016-04-26,Tuesday  ,3761,2.60,0,0,192,1058,2638,1,296,315,19
5553957443,2016-04-23,Saturday ,4112,2.69,0,0,272,443,1776,2,631,725,94
3977333714,2016-05-06,Friday   ,11677,8.28,29,55,168,676,1590,1,323,512,189
4388161847,2016-04-27,Wednesday,11193,8.61,11,48,241,684,3074,1,439,500,61
4388161847,2016-04-19,Tuesday  ,10181,7.83,20,16,249,704,3015,1,329,338,9
6962181067,2016-04-21,Thursday ,11835,9.71,53,27,214,708,2179,1,451,457,6
4558609924,2016-05-08,Sunday   ,6543,4.33,66,35,238,1019,2666,1,123,134,11
1503960366,2016-04-13,Wednesday,10735,6.97,21,19,217,776,1797,2,384,407,23
8378563200,2016-04-16,Saturday ,11207,8.89,64,21,142,563,3363,2,611,689,78
4445114986,2016-04-27,Wednesday,7243,5.03,32,1,194,839,2361,1,332,374,42
3977333714,2016-04-22,Friday   ,8911,5.96,33,12,188,731,1481,1,355,476,121
7086361926,2016-04-12,Tuesday  ,11317,8.41,59,6,153,745,2772,1,514,525,11
6117666160,2016-04-21,Thursday ,19542,15.01,11,19,294,579,4900,1,508,550,42
4702921684,2016-04-17,Sunday   ,12692,10.29,12,66,302,437,3394,1,591,612,21
4388161847,2016-05-09,Monday   ,10218,7.86,6,19,258,1020,3013,1,62,65,3
8378563200,2016-04-17,Sunday   ,2132,1.69,0,0,93,599,2572,2,525,591,66
5553957443,2016-04-14,Thursday ,17022,11.12,61,41,256,693,2324,1,357,418,61
5553957443,2016-04-17,Sunday   ,655,0.43,0,0,46,943,1397,1,350,402,52
6962181067,2016-04-19,Tuesday  ,10742,7.10,35,41,195,659,2046,1,476,535,59
6117666160,2016-05-01,Sunday   ,8915,6.73,0,0,397,525,2361,1,507,575,68
4319703577,2016-04-23,Saturday ,4935,3.31,0,0,233,546,1945,1,692,722,30
3977333714,2016-05-02,Monday   ,16520,11.05,24,143,176,713,1760,1,230,384,154
2026352035,2016-05-04,Wednesday,6564,4.07,0,0,345,530,1658,1,538,560,22
4702921684,2016-05-11,Wednesday,9810,7.96,10,41,235,784,3069,1,354,366,12
5553957443,2016-05-06,Friday   ,9632,6.29,21,9,229,761,1916,1,400,434,34
5577150313,2016-04-29,Friday   ,7924,5.92,97,36,165,739,3544,1,459,485,26
4445114986,2016-05-02,Monday   ,6910,4.75,27,4,200,667,2336,1,502,542,40
3977333714,2016-04-21,Thursday ,6093,4.08,0,0,242,712,1397,1,332,512,180
5577150313,2016-05-02,Monday   ,7439,5.56,37,20,235,732,3014,2,525,553,28
4388161847,2016-04-20,Wednesday,10553,8.12,19,42,228,696,3083,1,421,451,30
1503960366,2016-05-06,Friday   ,12159,8.03,24,6,289,754,1896,1,334,367,33
1503960366,2016-04-25,Monday   ,15355,9.80,73,14,216,814,2013,1,277,323,46
6962181067,2016-05-07,Saturday ,6815,4.50,0,0,328,745,1947,1,298,334,36
4558609924,2016-04-29,Friday   ,7833,5.18,15,29,197,1096,1918,1,171,179,8
4319703577,2016-04-25,Monday   ,9259,6.21,0,8,390,544,2314,1,488,506,18
1503960366,2016-04-28,Thursday ,13154,8.53,48,28,189,782,1898,1,366,393,27
8378563200,2016-05-11,Wednesday,9143,7.25,72,10,184,763,3788,1,368,387,19
4319703577,2016-04-19,Tuesday  ,8925,5.99,0,0,311,604,2200,2,461,498,37
6117666160,2016-04-29,Friday   ,9592,7.24,0,0,461,479,2560,1,600,636,36
5577150313,2016-04-22,Friday   ,9172,6.85,62,30,200,823,3329,1,338,366,28
4388161847,2016-05-10,Tuesday  ,10299,7.92,13,14,267,648,3061,1,354,375,21
4702921684,2016-04-23,Saturday ,15126,12.27,9,66,408,469,3691,1,465,475,10
2347167796,2016-04-18,Monday   ,8247,5.45,11,16,206,678,1944,1,500,557,57
4319703577,2016-04-24,Sunday   ,4081,2.74,1,5,191,692,1880,1,467,501,34
1927972279,2016-04-12,Tuesday  ,678,0.47,0,0,55,734,2220,3,750,775,25
4702921684,2016-04-25,Monday   ,9167,7.43,6,15,270,730,3064,1,370,380,10
4445114986,2016-04-19,Tuesday  ,2064,1.39,0,0,121,895,1954,2,388,424,36
3977333714,2016-04-17,Sunday   ,10415,6.97,11,58,205,600,1529,1,381,566,185
6962181067,2016-05-08,Sunday   ,4188,2.77,0,14,151,709,1659,1,541,569,28
6962181067,2016-05-02,Monday   ,12912,8.54,18,39,313,655,2162,1,466,482,16
4445114986,2016-05-07,Saturday ,5183,3.59,26,4,108,866,2123,2,401,436,35
3977333714,2016-04-14,Thursday ,7641,5.11,5,23,214,801,1433,1,291,397,106
6962181067,2016-04-16,Saturday ,13217,8.74,50,3,280,741,2173,1,357,366,9
5577150313,2016-04-30,Saturday ,12363,9.24,207,45,163,621,4501,1,412,433,21
4445114986,2016-05-04,Wednesday,2923,1.96,0,0,180,897,2070,2,337,363,26
8792009665,2016-05-02,Monday   ,1831,1.17,0,0,101,916,2015,1,415,423,8
4702921684,2016-05-09,Monday   ,8232,6.68,0,12,253,746,2990,1,435,458,23
3977333714,2016-04-23,Saturday ,12058,8.07,0,92,252,724,1638,1,235,372,137
4702921684,2016-05-12,Thursday ,2752,2.23,0,0,68,241,1240,1,404,442,38
7086361926,2016-04-30,Saturday ,14560,9.41,42,17,308,584,2995,1,485,489,4
3977333714,2016-04-30,Saturday ,13238,9.20,43,52,194,687,1650,1,237,382,145
5553957443,2016-05-09,Monday   ,11611,7.58,59,22,251,667,2272,1,453,494,41
4558609924,2016-04-26,Tuesday  ,9148,6.05,12,41,283,1062,2223,1,103,121,18
1503960366,2016-04-21,Thursday ,9819,6.34,19,8,211,838,1775,1,325,364,39
8792009665,2016-04-13,Wednesday,1320,0.84,0,0,82,806,1934,1,531,552,21
1503960366,2016-05-08,Sunday   ,10060,6.58,44,8,203,574,1740,1,594,611,17
6962181067,2016-05-04,Wednesday,10147,6.71,15,36,284,683,2086,1,442,455,13
7007744171,2016-05-01,Sunday   ,5600,3.75,0,0,237,1142,2225,1,58,61,3
1844505072,2016-04-15,Friday   ,3844,2.54,0,0,176,527,1725,1,644,961,317
2026352035,2016-04-27,Wednesday,6088,3.77,0,0,286,586,1593,1,508,545,37
4388161847,2016-05-07,Saturday ,22770,17.54,120,56,260,508,4022,1,472,496,24
7086361926,2016-05-07,Saturday ,12827,8.48,20,42,209,621,2739,1,530,548,18
4319703577,2016-05-10,Tuesday  ,9487,6.37,3,12,329,555,2260,1,487,517,30
4445114986,2016-05-08,Sunday   ,7303,4.90,0,8,308,733,2423,1,361,391,30
2347167796,2016-04-15,Friday   ,10465,6.92,1,24,284,720,2133,1,452,504,52
4319703577,2016-04-20,Wednesday,8954,6.01,0,18,306,671,2220,1,523,543,20
8792009665,2016-04-14,Thursday ,1219,0.78,0,0,84,853,1963,1,486,503,17
1644430081,2016-04-29,Friday   ,3176,2.31,0,0,120,1193,2498,1,119,127,8
6962181067,2016-05-01,Sunday   ,5454,3.61,0,0,215,722,1740,1,411,426,15
2347167796,2016-04-29,Friday   ,42,0.03,0,0,4,2,403,1,411,473,62
1503960366,2016-04-26,Tuesday  ,13755,8.79,31,23,279,833,1970,1,245,274,29
3977333714,2016-04-29,Friday   ,10645,7.75,36,32,150,744,1545,1,333,478,145
2347167796,2016-04-17,Sunday   ,5472,3.62,1,7,249,508,1882,1,556,602,46
1503960366,2016-04-30,Saturday ,14673,9.25,52,34,217,712,1947,1,404,425,21
2026352035,2016-05-09,Monday   ,10685,6.62,0,0,401,543,1869,1,531,556,25
8792009665,2016-04-20,Wednesday,3147,2.01,0,10,139,744,2188,1,528,547,19
2026352035,2016-05-01,Sunday   ,3609,2.28,0,0,191,716,1447,1,527,546,19
6962181067,2016-05-11,Wednesday,6722,4.44,24,7,199,709,1855,1,452,480,28
4319703577,2016-05-01,Sunday   ,1251,0.84,0,0,67,836,1593,1,484,500,16
3977333714,2016-04-24,Sunday   ,14112,10.00,30,95,129,660,1655,1,310,526,216
1503960366,2016-05-02,Monday   ,14727,9.71,41,15,277,798,2004,1,277,309,32
2026352035,2016-04-16,Saturday ,2547,1.58,0,0,150,728,1373,1,524,567,43
6962181067,2016-04-12,Tuesday  ,10199,6.74,50,14,189,796,1994,1,366,387,21
4319703577,2016-04-28,Thursday ,10817,7.28,13,8,359,552,2367,1,497,522,25
4020332650,2016-04-12,Tuesday  ,8539,6.12,4,15,331,712,3654,1,501,541,40
5577150313,2016-04-12,Tuesday  ,8135,6.08,86,16,140,728,3405,1,419,438,19
4020332650,2016-05-05,Thursday ,11728,8.43,38,42,196,916,3429,1,226,248,22
4020332650,2016-04-16,Saturday ,1982,1.42,65,21,55,1222,3051,1,77,77,0
2026352035,2016-05-02,Monday   ,7018,4.35,0,0,355,716,1690,1,511,543,32
4388161847,2016-04-18,Monday   ,11009,9.10,27,8,239,1017,3274,1,99,104,5
7086361926,2016-05-09,Monday   ,13566,9.11,67,50,171,743,2960,1,427,438,11
6117666160,2016-05-07,Saturday ,7336,5.54,0,0,412,456,2469,2,498,507,9
4388161847,2016-05-11,Wednesday,10201,7.84,8,18,256,858,2954,1,469,494,25
8053475328,2016-04-20,Wednesday,15108,12.19,89,5,158,695,3043,1,486,493,7
4702921684,2016-05-03,Tuesday  ,9454,7.67,0,0,313,729,3145,1,327,373,46
5577150313,2016-05-01,Sunday   ,13368,9.99,194,72,178,499,4546,1,379,398,19
8378563200,2016-04-26,Tuesday  ,16208,12.85,90,18,161,593,3763,1,550,584,34
5577150313,2016-04-21,Thursday ,10830,8.09,110,74,175,670,4018,1,414,437,23
7086361926,2016-04-22,Friday   ,9753,6.53,58,59,153,762,2846,1,428,448,20
7086361926,2016-04-28,Thursday ,11584,7.80,54,48,161,810,2862,1,354,367,13
4319703577,2016-05-09,Monday   ,10378,6.96,2,14,374,490,2345,1,535,565,30
5577150313,2016-04-26,Tuesday  ,5325,3.98,38,32,181,759,3088,1,354,377,23
6962181067,2016-04-26,Tuesday  ,10433,6.90,36,7,254,680,2012,1,441,446,5
4319703577,2016-05-07,Saturday ,7937,5.33,3,28,279,586,2158,1,507,530,23
4319703577,2016-04-14,Thursday ,10210,6.88,1,9,339,589,2302,1,535,557,22
8378563200,2016-05-08,Sunday   ,2943,2.33,0,0,139,621,2685,1,545,606,61
5553957443,2016-04-22,Friday   ,11682,7.63,25,16,270,781,2105,1,322,353,31
1927972279,2016-04-15,Friday   ,980,0.68,0,0,51,941,2221,2,475,499,24
8792009665,2016-05-01,Sunday   ,1619,1.04,0,0,79,834,1962,1,503,527,24
1644430081,2016-04-30,Saturday ,18213,13.24,9,71,402,816,3846,1,124,142,18
1503960366,2016-04-20,Wednesday,10544,6.68,28,12,205,818,1786,1,360,377,17
6117666160,2016-04-28,Thursday ,3403,2.60,0,0,141,758,1879,1,393,416,23
8792009665,2016-04-23,Saturday ,5245,3.36,8,45,232,795,2748,1,339,360,21
6775888955,2016-04-14,Thursday ,5162,3.70,14,24,105,863,2507,1,423,441,18
3977333714,2016-04-13,Wednesday,10035,6.71,31,46,153,754,1495,2,295,456,161
7007744171,2016-04-16,Saturday ,4631,3.10,0,0,203,1155,2076,1,79,82,3
5553957443,2016-05-10,Tuesday  ,16358,10.71,61,40,265,707,2335,1,418,443,25
5577150313,2016-05-05,Thursday ,7550,5.64,45,21,143,1153,3004,1,74,78,4
4445114986,2016-04-22,Friday   ,6831,4.58,0,0,317,706,2432,1,388,417,29
5577150313,2016-05-04,Wednesday,5206,3.89,25,9,141,631,2755,1,603,634,31
8378563200,2016-04-12,Tuesday  ,7626,6.05,65,15,156,723,3635,1,338,356,18
5553957443,2016-04-20,Wednesday,2713,1.77,0,0,148,598,1570,1,658,678,20
7086361926,2016-05-11,Wednesday,9572,6.52,57,40,128,757,2735,1,451,463,12
4445114986,2016-04-13,Wednesday,2961,1.99,0,0,194,840,2095,2,370,406,36
5577150313,2016-04-20,Wednesday,8330,6.22,87,16,113,773,3192,1,447,480,33
4319703577,2016-04-21,Thursday ,3702,2.48,0,0,34,1265,1792,1,59,65,6
4319703577,2016-05-11,Wednesday,9129,6.13,3,18,311,574,2232,1,529,558,29
2026352035,2016-04-23,Saturday ,12357,7.71,0,0,432,458,1916,1,522,554,32
3977333714,2016-04-20,Wednesday,11658,7.83,2,98,164,845,1554,2,152,305,153
2347167796,2016-04-23,Saturday ,16901,11.37,32,35,360,591,2629,1,374,386,12
6962181067,2016-04-23,Saturday ,20031,13.24,58,41,347,484,2571,1,528,546,18
5553957443,2016-04-30,Saturday ,1202,0.78,0,0,84,506,1463,2,775,843,68
8792009665,2016-04-30,Saturday ,7174,4.59,10,20,301,749,2896,1,343,360,17
5553957443,2016-04-21,Thursday ,12346,8.06,47,42,177,801,2066,1,399,431,32
4445114986,2016-04-30,Saturday ,6222,4.18,0,0,290,797,2363,1,322,353,31
4388161847,2016-04-21,Thursday ,10055,7.73,7,12,272,853,3069,1,442,458,16
8792009665,2016-04-29,Friday   ,8360,5.35,6,14,380,634,3101,1,398,406,8
6962181067,2016-04-17,Sunday   ,10145,6.71,5,13,295,634,2027,1,427,446,19
4319703577,2016-04-16,Saturday ,4744,3.18,0,0,194,724,1884,1,506,522,16
4445114986,2016-04-14,Thursday ,3974,2.67,0,0,231,717,2194,1,441,492,51
4445114986,2016-04-21,Thursday ,3809,2.56,0,0,215,756,2150,1,436,469,33
8378563200,2016-05-09,Monday   ,8382,6.65,71,13,171,772,3721,1,359,399,40
3977333714,2016-04-28,Thursday ,7114,4.88,15,8,190,804,1407,1,261,423,162
1503960366,2016-04-19,Tuesday  ,15506,9.88,50,31,264,775,2035,1,304,320,16
4445114986,2016-04-12,Tuesday  ,3276,2.20,0,0,196,787,2113,2,429,457,28
6962181067,2016-04-28,Thursday ,12627,8.35,38,8,288,621,2182,1,440,453,13
5553957443,2016-05-02,Monday   ,9769,6.38,23,9,227,724,1996,1,409,471,62
6117666160,2016-04-16,Saturday ,14450,10.91,7,15,518,502,2828,1,380,398,18
5553957443,2016-04-12,Tuesday  ,11596,7.57,19,13,277,767,2026,1,441,464,23
6117666160,2016-04-27,Wednesday,9411,7.11,0,0,458,417,2576,1,542,557,15
1503960366,2016-04-24,Sunday   ,10039,6.41,39,5,238,709,1788,1,430,449,19
2347167796,2016-04-26,Tuesday  ,5980,3.95,0,0,227,732,1861,1,436,490,54
6117666160,2016-04-22,Friday   ,8206,6.20,0,0,402,413,2409,1,480,546,66
5553957443,2016-04-18,Monday   ,3727,2.43,0,0,206,622,1683,2,520,541,21
5553957443,2016-04-25,Monday   ,10946,7.19,51,11,201,732,2033,1,433,468,35
4020332650,2016-05-04,Wednesday,10252,7.35,13,46,346,531,3879,1,478,536,58
8378563200,2016-04-22,Friday   ,12200,9.67,113,12,159,769,4044,1,441,469,28
4388161847,2016-05-02,Monday   ,10096,8.40,33,4,204,935,3147,2,368,376,8
8378563200,2016-04-19,Tuesday  ,13070,10.36,120,19,154,737,4092,1,387,421,34
2026352035,2016-04-15,Friday   ,3821,2.37,0,0,188,687,1444,1,523,573,50
6962181067,2016-05-10,Tuesday  ,15448,10.21,62,34,275,626,2361,1,469,481,12
2347167796,2016-04-13,Wednesday,10352,7.01,19,32,195,676,2038,1,467,531,64
6962181067,2016-05-05,Thursday ,10524,6.96,14,22,305,591,2066,1,467,491,24
2347167796,2016-04-27,Wednesday,11423,7.58,26,9,295,623,2194,1,448,499,51
8792009665,2016-04-12,Tuesday  ,2564,1.64,0,0,116,831,2044,1,458,493,35
6117666160,2016-04-18,Monday   ,5153,3.91,0,0,241,759,2018,2,493,510,17
6962181067,2016-04-27,Wednesday,10320,6.82,7,38,279,697,2034,1,455,467,12
8378563200,2016-05-07,Saturday ,4468,3.54,0,0,158,851,2799,2,459,513,54
4702921684,2016-04-27,Wednesday,7047,5.72,1,16,238,733,2908,1,432,449,17
4388161847,2016-05-04,Wednesday,12375,9.52,35,21,251,632,3162,1,390,414,24
1503960366,2016-04-15,Friday   ,9762,6.28,29,34,209,726,1745,1,412,442,30
6775888955,2016-04-15,Friday   ,1282,0.92,0,0,58,976,2127,1,391,406,15
5553957443,2016-04-13,Wednesday,4832,3.16,0,0,226,647,1718,2,455,488,33
3977333714,2016-04-16,Saturday ,13459,9.00,31,83,153,663,1625,1,283,510,227
4702921684,2016-04-16,Saturday ,11140,9.03,3,24,335,556,3328,2,382,406,24
3977333714,2016-04-12,Tuesday  ,8856,5.98,44,19,131,777,1450,1,274,469,195
8378563200,2016-04-14,Thursday ,13318,10.56,123,21,174,699,4163,1,424,455,31
8792009665,2016-04-22,Friday   ,4068,2.60,1,20,195,817,2419,1,391,407,16
2347167796,2016-04-19,Tuesday  ,6711,4.44,0,7,382,648,2346,1,465,514,49
4702921684,2016-04-12,Tuesday  ,7213,5.88,0,0,263,718,2947,1,425,439,14
4702921684,2016-04-15,Friday   ,6506,5.28,1,8,256,944,2896,1,253,257,4
7086361926,2016-05-08,Sunday   ,10677,7.10,32,27,147,695,2534,1,481,510,29
2347167796,2016-04-21,Thursday ,10080,6.75,23,26,208,761,2048,1,460,484,24
8792009665,2016-04-28,Thursday ,6157,3.94,0,0,310,714,2780,1,402,416,14
3977333714,2016-05-07,Saturday ,11550,7.73,0,86,208,703,1574,1,237,443,206
1503960366,2016-05-11,Wednesday,12770,8.13,36,23,251,669,1783,1,285,306,21
2026352035,2016-04-19,Tuesday  ,2424,1.50,0,0,141,785,1356,1,498,540,42
4319703577,2016-05-12,Thursday ,17,0.01,0,0,2,0,257,1,302,321,19
7086361926,2016-04-20,Wednesday,14365,10.64,87,13,145,797,2997,1,492,502,10
4702921684,2016-05-04,Wednesday,8161,6.62,4,15,251,757,3004,1,412,434,22
2026352035,2016-05-12,Thursday ,8891,5.51,0,0,343,330,1364,1,456,485,29
5577150313,2016-04-25,Monday   ,6393,4.78,61,38,214,743,3374,1,421,461,40
5553957443,2016-05-01,Sunday   ,5164,3.37,0,0,237,436,1747,2,622,686,64
2347167796,2016-04-22,Friday   ,7804,5.16,9,27,206,781,1946,1,405,461,56
7086361926,2016-04-24,Sunday   ,3520,2.16,0,0,125,566,2049,1,681,704,23
5577150313,2016-05-10,Tuesday  ,8869,6.65,104,37,194,639,3841,1,504,562,58
4388161847,2016-05-08,Sunday   ,17298,14.38,107,38,178,576,3934,2,529,541,12
8792009665,2016-05-04,Wednesday,2283,1.46,0,0,129,848,2067,1,439,463,24
2026352035,2016-04-17,Sunday   ,838,0.52,0,0,60,1053,1214,1,437,498,61
1927972279,2016-04-28,Thursday ,1675,1.16,0,0,95,1167,2351,1,166,178,12
6117666160,2016-04-19,Tuesday  ,11135,8.41,0,0,480,425,2606,1,465,492,27
4702921684,2016-04-13,Wednesday,6877,5.58,0,0,258,777,2898,2,400,430,30
4319703577,2016-04-30,Saturday ,8221,5.52,6,38,196,695,2092,1,490,516,26
5553957443,2016-04-24,Sunday   ,1807,1.18,0,0,104,582,1507,2,553,640,87
5577150313,2016-05-11,Wednesday,4038,3.04,45,15,63,257,1665,1,431,476,45
4445114986,2016-04-29,Friday   ,4676,3.14,0,0,226,1106,2196,1,106,108,2
1503960366,2016-04-29,Friday   ,11181,7.15,16,12,243,815,1837,1,341,354,13
4020332650,2016-05-10,Tuesday  ,5546,3.98,0,0,206,774,2926,1,442,494,52
8053475328,2016-05-07,Saturday ,19769,15.67,121,20,148,1076,3331,1,74,75,1
4445114986,2016-05-01,Sunday   ,5232,3.51,0,0,240,741,2246,2,439,459,20
4445114986,2016-04-28,Thursday ,4493,3.01,0,0,236,762,2203,1,419,442,23
6962181067,2016-05-12,Thursday ,3587,2.37,0,8,105,127,928,1,516,535,19
4319703577,2016-04-18,Monday   ,2276,1.55,1,9,58,824,1632,1,515,551,36
2347167796,2016-04-25,Monday   ,9482,6.38,15,11,277,653,2095,1,433,471,38
6117666160,2016-04-24,Sunday   ,7623,5.76,0,0,362,711,2305,1,353,367,14
3977333714,2016-05-01,Sunday   ,10414,7.07,41,40,124,691,1501,1,383,626,243
3977333714,2016-04-27,Wednesday,7193,5.04,0,10,176,714,1377,1,349,540,191
1503960366,2016-04-23,Saturday ,14371,9.04,41,21,262,732,1949,1,361,384,23
8378563200,2016-04-18,Monday   ,13630,10.81,117,10,174,720,4157,1,398,451,53
4702921684,2016-05-10,Tuesday  ,10613,8.61,1,37,262,701,3172,1,416,431,15
2320127002,2016-04-23,Saturday ,5079,3.42,0,0,242,1129,1804,1,61,69,8
4702921684,2016-04-19,Tuesday  ,6708,5.44,10,8,179,757,2812,1,457,487,30
8792009665,2016-05-03,Tuesday  ,2421,1.55,0,0,156,739,2297,1,516,545,29
6117666160,2016-05-06,Friday   ,3365,2.68,0,0,133,673,1838,2,658,698,40
